#,Exact Target Search Query,SEO Blog Title,3 Core Sub-Sections,Target Keywords
1,"""english bolne ka dar kaise hataye"" / ""english hesitation kaise dur kare""",**English Bolne Ka Dar Kaise Hataye: 15 Practical Steps (Mental + Physical Training)**,"1. Psychology of Fear: Why Hindi Speakers Hesitate (MTI, Judgment, Past Experience); 2. Week-by-Week Confidence Building Action Plan; 3. Real Stories: ""Maine Kaise Apna English Fear Haraaya""","english bolne ka dar, dar hataye, hesitation dur kare, english fear solution, confidence build english"
2,"""english interview mein dar lagta hai"" / ""interview english fear""",**English Interview Fear Kaise Khatam Kare: HR Questions Ke Jawab Taiyaar Karein**,"1. Top 20 HR Interview Questions + Best Answers in Hindi/English; 2. Body Language, Eye Contact & Voice Modulation Tips; 3. Mock Interview Practice: Role-Play Scenarios","interview fear english, interview dar, HR questions hindi, interview taiyaari, sakshatkar english"
3,"""why do i understand but cannot speak english"" / ""samajh ata hai bol nahi pata""",**English Samajh Aata Hai Par Bol Nahi Paata? Science Behind Passive vs Active Skills + Solution**,1. Why Understanding ≠ Speaking: The Brain Science Explained; 2. Bridging the Gap: Input to Output Conversion Exercises; 3. Daily Speaking Drills: Forcing Active Production of English,"samajh aata hai bol nahi pata, understand but cant speak, passive active english, bolne ka tarika, english fluency problem"
4,"""english mein galti se darna chhodiye"" / ""mistakes se mat darein""",**English Mein Galti Se Darna Chhodiye: Why Making Mistakes is The Fastest Way to Fluency**,"1. Fear of Judgment: ""Log Kya Kahenge"" Ko Kaise Bhoolen; 2. Famous People Who Made Terrible English Mistakes Initially; 3. Mistake Journal: Track → Learn → Never Repeat Method","mistakes fear english, galti se darna, error learning english, judgment fear, english mistakes okay"
5,"""confidence is more important than grammar"" / ""grammar ya fluency""",**Grammar Ya Fluency: Kya Pehle Sikhein? Research-Backed Answer for Hindi Speakers**,"1. 80/20 Rule: 20% Grammar Gives 80% Fluency; 2. Case Study: Fluent Speakers Jo Grammar Nahi Jaante; 3. Balanced Approach: Pehle Bolein, Saath Mein Grammar Sudharein","grammar vs fluency, pehle kya sikhein, confidence grammar, fluency priority, 80 20 rule english"
6,"""english bolne ke liye motivation"" / ""english sikne ki motivation""",**English Sikne Ki Motivation Kaise Banaayein: Jab Mann Na Kare Toh Kya Karein**,"1. Find Your WHY: Job, Travel, Respect, Family — Apna Reason Pakka Karein; 2. Habit Stacking: English Practice Ko Daily Routine Se Jodna; 3. Progress Tracking: Weekly Self-Assessment & Reward System","english motivation hindi, sikne ki ichha, motivation daily, english practice habit, progress tracking english"
7,"""introvert english kaise bole"" / ""shyness english speaking""",**Introvert English Kaise Bole: Kam Baat Karne Wale Log Kaise Fluent Ho Sakte Hain**,1. Introvert Advantage: Deep Thinking = Better Sentence Formation; 2. Low-Pressure Practice: Writing → Recording → 1-on-1 → Group; 3. Quality Over Quantity: Kam Bolen Par Accurate Bolen,"introvert english, shy person english, kam baat english, introvert advantage, quiet fluent english"
8,"""english bolne ke fayde"" / ""english sikne ke benefits""","**English Sikne Ke 25 Fayde: Zindagi Badal Dene Wale Benefits (Career, Social, Mental)**","1. Career Benefits: Promotion, Salary, International Jobs; 2. Social Benefits: Respect, Confidence, Travel Freedom; 3. Mental Benefits: Memory, Decision Making, Cognitive Growth","english ke fayde, benefits english, career growth english, salary promotion english, english importance india"
9,"""english practice partner kaise dhundhe"" / ""conversation partner hindi""","**English Practice Partner Kaise Dhundhe: Free Apps, Communities aur Local Groups Guide**","1. Online Apps: Tandem, HelloTalk, Discord English Groups; 2. Local Methods: English Clubs, Library Groups, College Societies; 3. Family & Friends: Ghar Pe Practice Partner Kaise Banayein","practice partner english, conversation partner, english buddy, language exchange hindi, english group find"
10,"""mirror practice english"" / ""aaine ke samne english practice""",**Mirror Practice English Speaking: 30-Day Challenge Aaine Ke Saamne Fluent Banne Ke Liye**,"1. Mirror Talk Technique: Kaise Karein, Kyun Kaam Karti Hai; 2. 30-Day Topic Calendar: Din 1 Se Din 30 Tak Practice Plan; 3. Self-Feedback: Apni Video Record Karke Sudhaar Kaise Karein","mirror practice english, aaine ke samne, self practice english, 30 day challenge, record yourself english"
11,"""english mein sochna shuru kaise kare"" / ""think in english beginner""",**Think in English Kaise Kare: Beginner Se Advanced Tak — 5 Brain Training Methods**,"1. Object Naming: Ghar Ki Har Cheez Ko English Mein Naam Dein; 2. Internal Voice: Hindi Mein Mat Sochiye, English Mein Sochiye; 3. The Switch Technique: Din Mein 1 Hour Sirf English Zone","think in english hindi, english mein sochna, brain training, hindi sochna chhodo, english thought process"
12,"""english bolne ke liye daily habit"" / ""english daily routine""",**English Bolne Ke Liye Daily Habit: Atomic Habits Se Inspired 21-Din Ka System**,"1. Cue-Routine-Reward: English Habit Loop Design; 2. Micro-Practice: 5-Minute Sessions Throughout the Day; 3. Habit Stacking: Chai Peete Waqt, Commute Mein, Dinner Ke Baad","daily habit english, atomic habits english, 21 din habit, micro practice english, habit stack english"
13,"""english improvement 30 days"" / ""30 din mein english kaise sikhe""",**30 Din Mein English Kaise Sikhe: 1-Month Transformation Plan (Daily Tasks + Milestones)**,"1. Week 1-2: Foundation — Basic Sentences, Vocabulary, Pronunciation; 2. Week 3: Building — Conversations, Grammar Essentials, Listening; 3. Week 4: Fluency — Real Practice, Confidence, Error Correction","30 din mein english, 30 day english plan, one month transformation, daily task english, week wise plan"
14,"""english speaking anxiety"" / ""stage dar english bolna""",**Stage Par English Bolne Ka Dar: Public Speaking Anxiety Kaise Khatam Karein**,"1. Stage Fear Root Cause: Evolutionary Psychology + Social Pressure; 2. Preparation Techniques: Script, Rehearsal, Visualization; 3. On-Stage Hacks: Breathing, Eye Contact, Pause Power","stage fear english, public speaking anxiety, dar khatam kare, stage par bolna, presentation fear"
15,"""english practice bina kisi ke"" / ""alone english practice""",**Bina Partner Ke English Practice Kaise Kare: Solo Learner Ka Complete Guide**,1. Self-Talk Method: Apne Aap Se English Mein Baat Karein; 2. Shadowing Technique: YouTube Videos Ke Saath Bolna; 3. AI Chatbots & Apps: Technology Se Free Practice,"alone english practice, bina partner ke, self practice english, solo learner guide, akela english sikhe"